timestamp,table,transaction_hash,block_number,from_address,to_address,value,gas_price,status
2025-10-09T16:44:40.883911,ethereum_transactions,,23541351,0xDd6838240D289A9A9A5E4165eCe468d79cc517b6,0xDd6838240D289A9A9A5E4165eCe468d79cc517b6,0,0,success
2025-10-09T16:44:40.883911,ethereum_transactions,,23541351,0x151B381058f91cF871E7eA1eE83c45326F61e96D,0x800cF84615a479Ea51dE33358387229522165840,0,0,success
2025-10-09T16:44:40.883911,ethereum_transactions,,23541351,0x800cF84615a479Ea51dE33358387229522165840,0xDE0241e7921f5C8006f62D6Ea6e970eA617298Af,0,0,success
2025-10-09T16:44:40.883911,ethereum_transactions,,23541351,0xae2Fc483527B8EF99EB5D9B44875F005ba1FaE13,0x1f2F10D1C40777AE1Da742455c65828FF36Df387,0,0,success
2025-10-09T16:44:40.883911,ethereum_transactions,,23541351,0x8aE57A027c63fcA8070D1Bf38622321dE8004c67,0x66a9893cC07D91D95644AEDD05D03f95e1dBA8Af,0,0,success
2025-10-09T16:44:40.883911,ethereum_transactions,,23541351,0xae2Fc483527B8EF99EB5D9B44875F005ba1FaE13,0x1f2F10D1C40777AE1Da742455c65828FF36Df387,0,0,success
2025-10-09T16:44:40.883911,ethereum_transactions,,23541351,0xB42F812A44c22cc6b861478900401ee759EbEAD6,0x2343cd07c676aA3bE39B5907850336010CcA94Ec,0,0,success
2025-10-09T16:44:40.883911,ethereum_transactions,,23541351,0x2343cd07c676aA3bE39B5907850336010CcA94Ec,0xbe59baAd09B07086EE6C39BD0fC234c157C31ccc,0,0,success
2025-10-09T16:44:40.883911,ethereum_transactions,,23541351,0x2343cd07c676aA3bE39B5907850336010CcA94Ec,0x881D40237659C251811CEC9c364ef91dC08D300C,0,0,success
2025-10-09T16:44:40.883911,ethereum_transactions,,23541351,0x3e221ec94Ed2C4B2a6eF688733f3DbcDA98d6309,0x3e221ec94Ed2C4B2a6eF688733f3DbcDA98d6309,0,0,success
